                  epoch,         train/box_loss,         train/cls_loss,         train/dfl_loss,   metrics/precision(B),      metrics/recall(B),       metrics/mAP50(B),    metrics/mAP50-95(B),           val/box_loss,           val/cls_loss,           val/dfl_loss,                 lr/pg0,                 lr/pg1,                 lr/pg2
                      1,                 1.2282,                 3.8241,                 1.6836,                0.00052,                   0.25,                0.01382,                 0.0017,                 2.2112,                 5.3057,                 1.9336,               3.75e-05,               3.75e-05,               3.75e-05
                      2,                  1.289,                 3.9695,                 1.6749,                0.00073,                  0.375,                0.01052,                0.00209,                 2.4654,                  5.497,                 2.1255,             7.0175e-05,             7.0175e-05,             7.0175e-05
                      3,                 1.0468,                 3.4825,                 1.5411,                0.63071,                   0.25,                0.17931,                0.15171,                0.77406,                 4.8729,                 1.0797,              8.305e-05,              8.305e-05,              8.305e-05
                      4,                0.35416,                 2.1811,                  1.139,                0.20811,                    0.7,                0.31903,                0.25916,                0.70857,                 5.3769,                 1.0522,             7.6125e-05,             7.6125e-05,             7.6125e-05
                      5,                0.23097,                 1.9074,                 1.0491,                0.29038,                    0.5,                0.42916,                0.28212,                0.72021,                 3.9262,                0.98152,               4.94e-05,               4.94e-05,               4.94e-05
